8 Kedzie Place,Anchorage,AK,99522
61507 Declaration Pass,Madison,WI,53779
3654 Vernon Terrace,Memphis,TN,38136
25516 Main Alley,Chesapeake,VA,23324
25 Glacier Hill Plaza,Harrisburg,PA,17126
382 Oak Valley Lane,Washington,DC,20503
252 Morningstar Circle,Atlanta,GA,31190
667 Annamark Way,Kansas City,MO,64142
1 Dahle Terrace,Indianapolis,IN,46239
4936 Columbus Junction,Phoenix,AZ,85015
748 Lerdahl Court,Albany,NY,12237
50093 6th Road,Canton,OH,44760
543 Shoshone Pass,Winston Salem,NC,27105
9 Mallard Park,Decatur,GA,30089
63076 Hooker Parkway,Vancouver,WA,98682
43 Golden Leaf Circle,Sacramento,CA,94286
39 Susan Parkway,Dallas,TX,75353
0193 Delaware Way,New York City,NY,10160
888 Daystar Lane,Plano,TX,75074
4 Corben Terrace,Seattle,WA,98115
81 Lindbergh Hill,Louisville,KY,40205
01651 Karstens Pass,Norwalk,CT,06854
5 New Castle Circle,Pueblo,CO,81010
5 Oxford Court,Topeka,KS,66606
55 Ilene Alley,Pomona,CA,91797
5755 Melrose Drive,Washington,DC,20210
7 Caliangt Plaza,Los Angeles,CA,90015
445 La Follette Court,Arlington,VA,22234
04 Southridge Street,Dallas,TX,75353
3841 4th Plaza,Northridge,CA,91328
143 Montana Street,Laurel,MD,20709
16345 Holy Cross Alley,Anchorage,AK,99599
2515 Warrior Trail,Fort Wayne,IN,46862
1 Rieder Crossing,Fairfax,VA,22036
7 Twin Pines Crossing,Aiken,SC,29805
197 Carioca Park,Louisville,KY,40210
81735 Grayhawk Drive,Buffalo,NY,14225
00459 Manley Lane,Seminole,FL,34642
2 Luster Hill,Young America,MN,55557
0 Colorado Street,Lynn,MA,01905
54851 Longview Road,Albany,NY,12222
319 Grasskamp Pass,Harrisburg,PA,17140
323 Goodland Place,Richmond,VA,23272
4 Forster Place,Chicago,IL,60646
34 Bonner Point,Omaha,NE,68144
64 Pine View Place,Stamford,CT,06922
19397 Tomscot Way,Berkeley,CA,94705
72 Kennedy Crossing,Birmingham,AL,35263
42213 West Terrace,Fresno,CA,93794
774 Hermina Plaza,Greensboro,NC,27409
26 Washington Court,Los Angeles,CA,90025
81 Johnson Point,Oklahoma City,OK,73190
17535 Evergreen Park,Hot Springs National Park,AR,71914
3334 Hanson Court,Miami,FL,33175
368 Graedel Road,Largo,FL,34643
32 Carioca Point,Shreveport,LA,71161
43 Sage Street,Charlotte,NC,28263
0603 Transport Street,Houston,TX,77206
87 Loftsgordon Center,Saint Paul,MN,55115
05250 Tennessee Street,Boise,ID,83757
9713 Waxwing Pass,San Bernardino,CA,92405
5 Summerview Parkway,Charlotte,NC,28220
63984 Birchwood Crossing,Fresno,CA,93786
29 Jenna Crossing,Lakeland,FL,33805
294 Summit Alley,Olympia,WA,98506
6 Darwin Street,Austin,TX,78732
1659 Gale Lane,Frankfort,KY,40618
52237 Kedzie Center,New York City,NY,10203
3536 Sachs Parkway,Columbus,OH,43284
5417 Towne Junction,Peoria,IL,61629
32 Holy Cross Road,Houston,TX,77293
56713 Red Cloud Parkway,Van Nuys,CA,91411
0 Elka Road,Saint Paul,MN,55146
13219 Doe Crossing Trail,Sarasota,FL,34238
25554 Springview Point,Hialeah,FL,33018
626 Artisan Parkway,Tampa,FL,33625
2 Susan Point,Washington,DC,20205
58689 Jana Hill,Wilkes Barre,PA,18763
37 Morningstar Lane,Kansas City,MO,64101
36812 Messerschmidt Terrace,Van Nuys,CA,91406
23912 Sugar Parkway,Charlotte,NC,28215
58 Dawn Park,Fresno,CA,93786
16 Bonner Hill,Los Angeles,CA,90081
94 Anzinger Crossing,Billings,MT,59112
60 Morrow Terrace,Austin,TX,78749
36 Chive Drive,White Plains,NY,10606
39 Claremont Road,San Antonio,TX,78220
3 Sherman Street,Springfield,IL,62718
301 Old Gate Drive,Richmond,VA,23242
527 Southridge Place,Mobile,AL,36689
1549 Bay Trail,San Diego,CA,92132
94 Colorado Crossing,New York City,NY,10110
175 Farragut Trail,Gary,IN,46406
98 Melby Avenue,Washington,DC,20508
4 Chinook Point,Fort Myers,FL,33906
78316 Troy Terrace,Paterson,NJ,07505
12237 Springview Hill,Wilmington,NC,28410
61 La Follette Place,Indianapolis,IN,46254
7524 Longview Circle,Austin,TX,78759
0 Holy Cross Avenue,Mobile,AL,36610
90 Heffernan Terrace,San Luis Obispo,CA,93407
5 Sachs Drive,Houston,TX,77250
690 Pankratz Place,San Diego,CA,92176
460 Tennyson Pass,Spokane,WA,99210
2228 Manley Circle,Pensacola,FL,32526
4 Thackeray Point,Seattle,WA,98148
2 Service Terrace,Atlanta,GA,30368
8 Union Terrace,Omaha,NE,68144
6606 Beilfuss Parkway,Canton,OH,44760
33559 Warrior Parkway,Memphis,TN,38114
507 Tennyson Alley,Spokane,WA,99210
9 Ridgeview Lane,Los Angeles,CA,90071
7 Jay Parkway,Rockville,MD,20851
213 Spohn Avenue,Norcross,GA,30092
2667 Montana Alley,Kalamazoo,MI,49006
7565 Farwell Junction,Charleston,SC,29424
429 Petterle Plaza,Oakland,CA,94622
862 Del Mar Road,Saint Paul,MN,55114
9 Amoth Alley,Palmdale,CA,93591
22 Mcguire Terrace,Newark,NJ,07195
32533 Drewry Crossing,El Paso,TX,88563
11526 Old Gate Avenue,Boulder,CO,80328
04 Bunting Crossing,Sarasota,FL,34276
8468 Grayhawk Road,Saint Augustine,FL,32092
5733 Novick Street,Louisville,KY,40215
26 Moulton Drive,Tampa,FL,33673
8138 Melby Trail,Cincinnati,OH,45203
912 Fairfield Alley,Long Beach,CA,90840
30 Birchwood Road,Elmira,NY,14905
971 Columbus Road,Falls Church,VA,22047
8814 Nevada Plaza,Daytona Beach,FL,32128
0 Walton Point,Birmingham,AL,35236
650 Superior Park,Jefferson City,MO,65110
63 Nelson Crossing,Los Angeles,CA,90025
76 Namekagon Parkway,Birmingham,AL,35205
71748 Little Fleur Pass,Green Bay,WI,54313
68230 Homewood Avenue,Phoenix,AZ,85072
697 Melvin Circle,Jacksonville,FL,32277
7512 Prairie Rose Court,Raleigh,NC,27610
01 School Point,Arlington,TX,76096
86 Cody Trail,Pittsburgh,PA,15205
6133 Graceland Way,Nashville,TN,37245
1539 Gale Pass,Colorado Springs,CO,80951
1 Kensington Center,Minneapolis,MN,55428
2 Knutson Road,Fresno,CA,93786
7143 Chinook Trail,Duluth,MN,55811
3 Gateway Trail,Worcester,MA,01610
26269 Barnett Lane,Detroit,MI,48242
23 Fisk Hill,Dallas,TX,75260
70002 Michigan Lane,Colorado Springs,CO,80930
0244 Bowman Lane,Evansville,IN,47747
996 La Follette Junction,Topeka,KS,66617
63 Lighthouse Bay Park,Young America,MN,55557
30 Armistice Circle,Columbus,OH,43210
657 Grim Hill,Akron,OH,44315
01 Vermont Lane,Lake Worth,FL,33462
56 Duke Plaza,Trenton,NJ,08638
400 Dakota Hill,Olympia,WA,98516
34941 Westport Lane,San Jose,CA,95194
747 Prentice Center,Chicago,IL,60652
3552 Heath Terrace,Houston,TX,77090
426 Sage Terrace,York,PA,17405
703 Gina Court,Sioux City,IA,51110
333 Grayhawk Hill,Raleigh,NC,27610
09 Grasskamp Lane,Phoenix,AZ,85062
6 Waubesa Parkway,Kalamazoo,MI,49006
391 Lindbergh Way,Green Bay,WI,54313
3 Lukken Center,Youngstown,OH,44555
4815 Clarendon Terrace,Oklahoma City,OK,73124
21644 Northport Point,Richmond,VA,23293
52 8th Lane,Aurora,CO,80044
5 Bartelt Drive,San Antonio,TX,78260
1 Sommers Junction,Southfield,MI,48076
20933 Fallview Alley,Newark,NJ,07112
8 Nevada Lane,Elizabeth,NJ,07208
70069 Merchant Center,Aurora,CO,80015
7 Nelson Point,Shawnee Mission,KS,66215
164 Toban Circle,Merrifield,VA,22119
70 Golf Place,Boston,MA,02109
113 Pankratz Avenue,Huntington,WV,25775
9 Hooker Place,Tucson,AZ,85732
1 Elgar Lane,Terre Haute,IN,47812
6 Prairie Rose Road,Terre Haute,IN,47805
569 Algoma Street,Stockton,CA,95210
04 Hayes Drive,Baltimore,MD,21229
9 Veith Hill,Sacramento,CA,94286
18377 Pawling Road,Houston,TX,77293
5 Blue Bill Park Center,Phoenix,AZ,85010
44 Spaight Drive,Shreveport,LA,71130
4239 Grayhawk Place,Columbus,MS,39705
85008 Upham Point,Sacramento,CA,95828
6 Myrtle Plaza,Sacramento,CA,94257
6 Fallview Hill,Tyler,TX,75799
136 Loeprich Lane,Springfield,IL,62711
451 Debra Drive,Tampa,FL,33647
3420 New Castle Pass,Boston,MA,02208
93468 Reinke Way,Moreno Valley,CA,92555
3 Corry Plaza,Flint,MI,48555
98 Kensington Park,Toledo,OH,43610
92 Carberry Hill,San Jose,CA,95123
7711 High Crossing Center,Detroit,MI,48206
85895 Morningstar Road,Washington,DC,20551
1540 Briar Crest Drive,Washington,DC,20404
0954 Carberry Way,Jamaica,NY,11499
9233 Harbort Crossing,Washington,DC,20268
57 Lake View Park,Rochester,NY,14619
11 Transport Circle,El Paso,TX,88546
1 Dorton Way,Charlotte,NC,28210
50 Lake View Park,Portland,OR,97206
9924 Beilfuss Street,Alexandria,VA,22333
116 Pepper Wood Terrace,Lexington,KY,40524
92 Susan Avenue,Washington,DC,20397
610 North Hill,Washington,DC,20036
59 Eastlawn Parkway,Fresno,CA,93715
92053 Oak Valley Pass,Pasadena,CA,91117
4 Norway Maple Park,Houston,TX,77218
6 Scofield Road,Provo,UT,84605
41238 Daystar Park,Fresno,CA,93726
57 Park Meadow Hill,Dallas,TX,75241
9958 Buell Point,Van Nuys,CA,91411
9340 Fair Oaks Terrace,Newport News,VA,23605
106 Merchant Way,Kissimmee,FL,34745
1852 Twin Pines Center,Boston,MA,02208
35 Evergreen Hill,Hollywood,FL,33023
5596 Bunting Lane,Worcester,MA,01605
66508 Columbus Street,Crawfordsville,IN,47937
47 Thompson Street,Sacramento,CA,95838
955 Moland Parkway,Portsmouth,VA,23705
1469 Dorton Street,Redwood City,CA,94064
8587 Northland Road,New York City,NY,10184
36838 Shopko Lane,Philadelphia,PA,19109
604 Raven Parkway,Richmond,VA,23242
690 Springview Parkway,Akron,OH,44305
6394 Sherman Court,Charlotte,NC,28299
05529 Laurel Street,Palatine,IL,60078
44 Cody Park,Birmingham,AL,35279
9519 Park Meadow Alley,Honolulu,HI,96845
3 Fairview Parkway,Jackson,MS,39204
377 Pearson Road,San Francisco,CA,94110
7 Bayside Junction,Carol Stream,IL,60158
23979 Forest Dale Avenue,San Antonio,TX,78255
555 Valley Edge Drive,New York City,NY,10184
9483 Oneill Center,Stockton,CA,95210
31 Holy Cross Trail,Birmingham,AL,35220
5093 Pankratz Avenue,Decatur,IL,62525
0119 Rieder Place,West Hartford,CT,06127
67 Del Sol Pass,Dallas,TX,75367
98 Warner Avenue,El Paso,TX,88553
5 Stephen Junction,Orlando,FL,32830
140 Summerview Place,West Hartford,CT,06127
0 Service Terrace,Worcester,MA,01654
75 Grim Junction,Terre Haute,IN,47812
732 Fairview Trail,Chicago,IL,60681
5027 Eggendart Terrace,Louisville,KY,40233
26721 Meadow Vale Plaza,Chula Vista,CA,91913
03 Comanche Street,Charlotte,NC,28263
7 Hayes Place,Killeen,TX,76544
90 Northland Lane,Trenton,NJ,08638
8332 Loftsgordon Junction,Atlanta,GA,31136
3137 Arapahoe Terrace,Pittsburgh,PA,15279
81124 Bartillon Plaza,Cleveland,OH,44185
63930 Helena Point,Portland,OR,97211
33820 Dahle Point,Pittsburgh,PA,15220
160 Di Loreto Court,Joliet,IL,60435
351 Dwight Road,Little Rock,AR,72204
7820 Kipling Park,Spokane,WA,99260
8061 Scott Crossing,Amarillo,TX,79116
6190 Gerald Terrace,Worcester,MA,01605
00 Porter Road,Des Moines,IA,50320
47 Stuart Trail,Detroit,MI,48224
389 Kennedy Crossing,Mount Vernon,NY,10557
6 Buell Pass,Dallas,TX,75379
6 Sherman Circle,Oklahoma City,OK,73157
23772 Jay Way,Charlotte,NC,28242
5 Coolidge Avenue,Simi Valley,CA,93094
1 Schlimgen Parkway,Washington,DC,20337
77 Russell Alley,Cumming,GA,30130
303 Donald Hill,New Orleans,LA,70129
0 Superior Drive,Baltimore,MD,21211
083 Crownhardt Park,Billings,MT,59112
9473 Moulton Crossing,Indianapolis,IN,46202
30 Eliot Hill,Mobile,AL,36605
6 Bay Parkway,New York City,NY,10165
7940 Barnett Court,Norcross,GA,30092
05210 Graceland Terrace,Schenectady,NY,12305
858 Russell Way,Irvine,CA,92710
6010 Delaware Court,Hattiesburg,MS,39404
3648 Helena Terrace,Atlanta,GA,30306
43382 Reindahl Drive,Tallahassee,FL,32304
4 Doe Crossing Lane,New Orleans,LA,70129
3804 Ronald Regan Plaza,Dallas,TX,75260
7734 Oxford Hill,Fort Worth,TX,76129
8595 Oriole Avenue,Washington,DC,20599
60 Tennyson Alley,Buffalo,NY,14205
31 Walton Point,Tempe,AZ,85284
39 South Junction,Louisville,KY,40293
4491 Sugar Park,Phoenix,AZ,85025
66 Farwell Park,El Paso,TX,79994
051 Bonner Crossing,Murfreesboro,TN,37131
8 Birchwood Pass,Akron,OH,44321
9 Golf Course Way,Edmond,OK,73034
667 Del Sol Terrace,Dayton,OH,45454
0 Lyons Junction,Albany,NY,12210
88 Hoard Street,Washington,DC,20226
43 Kinsman Plaza,Topeka,KS,66611
65 Di Loreto Hill,Mobile,AL,36628
4094 Oak Valley Trail,Las Vegas,NV,89155
2359 Gale Way,Miami,FL,33158
85 Dennis Road,Washington,DC,20535
79249 Sachtjen Street,Charleston,WV,25331
8 Hayes Street,Naples,FL,34114
696 Packers Place,Warren,MI,48092
1601 Pine View Pass,Pasadena,TX,77505
6252 Carberry Plaza,Sacramento,CA,94207
3590 Sunnyside Court,Albany,NY,12227
38112 Scoville Park,Melbourne,FL,32941
054 Sundown Avenue,Hialeah,FL,33018
66 Prairieview Trail,Atlanta,GA,30301
1600 Old Gate Drive,Louisville,KY,40233
852 Glacier Hill Drive,Sunnyvale,CA,94089
9585 Fisk Court,Asheville,NC,28805
273 Clarendon Road,Denver,CO,80204
42498 Messerschmidt Avenue,Tacoma,WA,98447
7 Dixon Drive,Gatesville,TX,76598
58221 Hoepker Way,Charleston,SC,29403
0 Delaware Park,Albuquerque,NM,87110
826 International Parkway,Charleston,SC,29416
169 Eliot Center,El Paso,TX,79977
0 Sundown Hill,Denver,CO,80235
29 Lillian Hill,Grand Rapids,MI,49518
78334 Anniversary Center,San Antonio,TX,78296
65 Warner Center,Des Moines,IA,50362
5 Hansons Plaza,Saint Louis,MO,63126
37750 Bluestem Road,Ogden,UT,84403
48 3rd Street,Tuscaloosa,AL,35405
700 Laurel Point,Herndon,VA,22070
9360 Duke Pass,West Palm Beach,FL,33405
04889 Schmedeman Avenue,Reno,NV,89505
593 Rigney Hill,Tallahassee,FL,32309
2630 Eagle Crest Drive,San Rafael,CA,94913
54411 Service Court,Buffalo,NY,14225
0933 Lake View Park,Seattle,WA,98133
3 Graceland Terrace,Houston,TX,77255
7 Mandrake Plaza,Corpus Christi,TX,78405
85 Colorado Road,Los Angeles,CA,90045
25 School Park,New York City,NY,10060
758 Harper Center,Asheville,NC,28815
73 Ludington Circle,Charleston,WV,25356
18 Oriole Road,Jacksonville,FL,32204
325 Springs Way,Houston,TX,77025
10 Prairieview Circle,Palm Bay,FL,32909
67242 Logan Way,Orlando,FL,32813
26978 Shopko Road,Milwaukee,WI,53220
56291 Banding Place,Charlottesville,VA,22903
97671 Fairview Crossing,Springfield,IL,62705
214 Ryan Way,Dayton,OH,45403
6356 Coleman Lane,Tacoma,WA,98417
89984 Coleman Trail,Carlsbad,CA,92013
400 Killdeer Trail,Fort Wayne,IN,46825
5 Gulseth Court,Provo,UT,84605
0 Messerschmidt Circle,Hartford,CT,06145
75 Pleasure Alley,Wichita Falls,TX,76310
78227 Towne Terrace,Sioux Falls,SD,57105
319 Reindahl Park,Boise,ID,83757
24 Katie Hill,Fresno,CA,93709
47 Washington Park,Bowie,MD,20719
8 Meadow Vale Hill,Phoenix,AZ,85072
9860 Mariners Cove Park,San Jose,CA,95133
932 Evergreen Place,Waco,TX,76796
3685 Jenna Alley,Los Angeles,CA,90025
87958 Shelley Crossing,San Diego,CA,92105
41 Weeping Birch Street,Tulsa,OK,74193
57 Rieder Terrace,Modesto,CA,95397
5449 Barby Park,Chicago,IL,60619
9588 Manitowish Parkway,Jacksonville,FL,32215
1165 Dwight Alley,Kalamazoo,MI,49006
747 Hudson Circle,Winston Salem,NC,27105
458 Sloan Crossing,San Francisco,CA,94159
5 Warbler Court,Bakersfield,CA,93381
7 Algoma Drive,Columbia,SC,29225
99 Superior Drive,Atlanta,GA,31165
1344 Pepper Wood Lane,New Orleans,LA,70187
735 Clove Drive,Mc Keesport,PA,15134
2152 Elka Park,Evanston,IL,60208
4186 Kipling Center,Orlando,FL,32854
25 Dapin Center,Kansas City,KS,66105
50647 Erie Trail,Charleston,SC,29411
96033 Goodland Plaza,New York City,NY,10060
68104 Fair Oaks Court,Jacksonville,FL,32277
1 Hanover Crossing,Clearwater,FL,34620
97 Meadow Vale Trail,Suffolk,VA,23436
9 Sage Pass,Oklahoma City,OK,73147
634 Bunting Circle,Milwaukee,WI,53263
8366 Rockefeller Center,Cedar Rapids,IA,52410
59463 Carberry Hill,Columbus,OH,43240
4527 Oak Valley Pass,Duluth,MN,55805
23869 Declaration Way,Philadelphia,PA,19184
82 Melrose Lane,Tucson,AZ,85720
6556 Buena Vista Road,Raleigh,NC,27635
0 Mayer Trail,Decatur,GA,30033
72068 Oriole Street,San Jose,CA,95173
09 Dapin Crossing,Philadelphia,PA,19109
7257 Drewry Trail,Mobile,AL,36610
4509 Clyde Gallagher Point,Roanoke,VA,24009
05 Moland Terrace,Pensacola,FL,32595
818 Pepper Wood Pass,Topeka,KS,66611
1 Buell Terrace,Marietta,GA,30066
20 Susan Road,Nashville,TN,37215
083 Mesta Center,Washington,DC,20420
534 Huxley Plaza,Asheville,NC,28805
41 Artisan Center,Salt Lake City,UT,84115
6 Independence Circle,Apache Junction,AZ,85219
926 Old Shore Terrace,Boston,MA,02124
9508 Bunting Trail,Los Angeles,CA,90094
720 Haas Park,New Orleans,LA,70116
99 Manley Drive,Phoenix,AZ,85020
3441 Browning Place,Odessa,TX,79764
1 Namekagon Pass,Kansas City,MO,64199
5 Dexter Lane,Montgomery,AL,36119
6412 8th Lane,Schenectady,NY,12325
6732 Walton Plaza,Buffalo,NY,14215
23 Havey Road,Kansas City,MO,64149
5 Colorado Trail,Beaumont,TX,77705
57420 Duke Hill,Denver,CO,80243
4833 Grover Street,Albuquerque,NM,87121
9133 Birchwood Street,Oakland,CA,94660
80 Blaine Avenue,San Francisco,CA,94177
44 Cardinal Center,Newton,MA,02162
1 Vera Junction,Tacoma,WA,98411
9103 Walton Avenue,Madison,WI,53705
1361 Basil Hill,Mobile,AL,36628
12393 Macpherson Road,Pompano Beach,FL,33064
662 Katie Pass,Fort Lauderdale,FL,33325
2 Weeping Birch Place,Berkeley,CA,94705
1480 Quincy Point,Dallas,TX,75241
2 Eagle Crest Alley,Toledo,OH,43635
0839 Cordelia Avenue,El Paso,TX,79950
04 Porter Place,Staten Island,NY,10305
40757 Oriole Lane,Madison,WI,53785
4 Lawn Way,Lincoln,NE,68510
493 Dawn Place,Bronx,NY,10454
03520 Florence Drive,Memphis,TN,38131
14 Mesta Terrace,Miami,FL,33111
35329 Arapahoe Circle,San Antonio,TX,78296
95805 Muir Pass,Toledo,OH,43615
83496 Graedel Road,Columbus,OH,43220
8194 Scott Place,Minneapolis,MN,55423
5 La Follette Road,Gainesville,GA,30506
235 Eagle Crest Junction,Independence,MO,64054
7206 Havey Drive,Houston,TX,77281
8 Blue Bill Park Plaza,Pasadena,CA,91117
1013 Lighthouse Bay Hill,Lincoln,NE,68517
7881 Rowland Street,Norfolk,VA,23520
72 Thackeray Way,Trenton,NJ,08619
315 Green Pass,Winston Salem,NC,27105
654 Butterfield Center,Fort Worth,TX,76192
0137 Onsgard Lane,Dallas,TX,75323
3081 Northland Trail,Lakeland,FL,33805
06182 Bluejay Trail,Houston,TX,77035
63017 Artisan Pass,Johnstown,PA,15906
1821 Amoth Park,San Antonio,TX,78210
23471 Scofield Crossing,Dallas,TX,75216
0 Macpherson Drive,Topeka,KS,66622
65823 Vernon Road,Orlando,FL,32825
93 Waubesa Street,Lafayette,IN,47905
6 Northview Plaza,Saint Louis,MO,63167
58 Cherokee Street,Charleston,WV,25321
360 Homewood Alley,Mesa,AZ,85205
0 Trailsway Park,Fort Worth,TX,76178
2552 Judy Way,Richmond,VA,23208
62328 Dakota Park,Garland,TX,75044
9 Leroy Plaza,Norfolk,VA,23551
19 Butterfield Way,New Orleans,LA,70165
23 Karstens Junction,Roanoke,VA,24020
91947 Loomis Way,Long Beach,CA,90805
10074 Dayton Pass,Washington,DC,20575
0 Farragut Lane,Albuquerque,NM,87190
01 Columbus Point,Anderson,IN,46015
72 Mayer Point,El Paso,TX,88563
155 Meadow Ridge Street,Jackson,MS,39204
21 Roxbury Trail,Birmingham,AL,35231
93 Buena Vista Plaza,Louisville,KY,40293
32 Mendota Street,Atlanta,GA,30380
745 Knutson Lane,Washington,DC,20599
025 Dexter Hill,Raleigh,NC,27690
025 Algoma Avenue,Pocatello,ID,83206
42265 Sullivan Parkway,Washington,DC,20599
48 Parkside Parkway,Washington,DC,20557
5 Blackbird Park,Charlotte,NC,28278
95 Saint Paul Alley,Oakland,CA,94660
1 Dovetail Place,Bradenton,FL,34205
7198 Anderson Trail,Cleveland,OH,44130
21620 Pankratz Trail,Pittsburgh,PA,15220
70 Superior Street,Kansas City,MO,64130
1076 Carey Junction,Tuscaloosa,AL,35405
661 Waywood Point,Johnstown,PA,15906
66 Mcbride Lane,Dallas,TX,75342
4493 Rutledge Drive,Tallahassee,FL,32309
470 Hallows Plaza,Tampa,FL,33610
126 Hanson Trail,Washington,DC,20575
6764 Lakeland Center,San Luis Obispo,CA,93407
56393 Mayer Street,Newport News,VA,23612
71 Sunbrook Road,Troy,MI,48098
50470 Grim Way,Houston,TX,77065
85958 Valley Edge Crossing,Sacramento,CA,94273
20 Schurz Street,Phoenix,AZ,85077
8646 Sullivan Alley,Memphis,TN,38119
35948 Merrick Road,Fort Lauderdale,FL,33345
8 Autumn Leaf Pass,Tucson,AZ,85710
2488 Towne Alley,Evansville,IN,47747
542 Talmadge Pass,Alexandria,VA,22313
4646 Messerschmidt Road,Chesapeake,VA,23324
15239 International Pass,Columbia,SC,29203
6 Loeprich Center,Philadelphia,PA,19136
61 Esker Terrace,Alexandria,VA,22313
39263 Jay Hill,El Paso,TX,88584
68 Linden Park,Bowie,MD,20719
1381 Mallard Place,Toledo,OH,43656
98 Park Meadow Place,Albuquerque,NM,87195
6 Hoffman Terrace,Corona,CA,92878
801 Autumn Leaf Trail,Norwalk,CT,06854
484 Division Point,Salt Lake City,UT,84105
73497 East Pass,Tacoma,WA,98411
64648 Dennis Circle,Woburn,MA,01813
50 Portage Junction,Gatesville,TX,76598
27866 Farmco Court,Fresno,CA,93721
3332 Springs Alley,Austin,TX,78759
953 Coolidge Way,Miami,FL,33164
94443 Mifflin Parkway,Baltimore,MD,21239
7531 Debs Way,Florence,SC,29505
8 Spenser Plaza,Waterbury,CT,06705
9 Shasta Alley,Las Vegas,NV,89140
749 Spaight Avenue,Memphis,TN,38188
0289 Hazelcrest Avenue,Lexington,KY,40581
9439 Wayridge Drive,Newport News,VA,23612
21 Canary Road,Little Rock,AR,72231
591 Upham Road,Mesquite,TX,75185
4 Jackson Terrace,Fresno,CA,93740
982 Division Place,Harrisburg,PA,17126
09187 Sommers Park,Fairfield,CT,06825
4 Marquette Junction,Phoenix,AZ,85010
4 Briar Crest Center,Great Neck,NY,11024
4690 Hollow Ridge Crossing,Albuquerque,NM,87121
38 Loeprich Alley,Seattle,WA,98166
613 Troy Junction,Denver,CO,80241
7 Lawn Park,Atlanta,GA,30358
7 Village Court,Abilene,TX,79605
7105 Everett Place,Birmingham,AL,35279
9 Lakewood Center,Schenectady,NY,12305
233 Hayes Terrace,Meridian,MS,39305
0 Jana Way,Mobile,AL,36610
47 Mariners Cove Way,Detroit,MI,48224
1 Hansons Trail,Portland,OR,97286
0308 Eagle Crest Crossing,Las Vegas,NV,89193
0683 Darwin Court,Sacramento,CA,94286
686 Summerview Court,Wichita,KS,67215
930 Ilene Park,Oakland,CA,94605
33357 Westridge Plaza,Miami,FL,33185
82 Maywood Trail,Atlanta,GA,31132
9 Buhler Plaza,Monticello,MN,55565
1 Raven Parkway,Bloomington,IL,61709
2 Charing Cross Avenue,Milwaukee,WI,53205
4219 Melody Parkway,New Orleans,LA,70124
89053 Brickson Park Road,El Paso,TX,79940
2550 Corben Drive,Peoria,AZ,85383
43 Cordelia Junction,Boston,MA,02163
4851 Truax Way,Spokane,WA,99252
1990 Nobel Drive,Cedar Rapids,IA,52410
82795 Ramsey Street,Fort Wayne,IN,46857
51697 Golf View Pass,Watertown,MA,02472
5 Jana Terrace,Fort Lauderdale,FL,33345
74 Merrick Drive,Birmingham,AL,35290
55 Shelley Point,Frankfort,KY,40618
1 Grim Circle,Washington,DC,20404
81 Warrior Alley,Gulfport,MS,39505
049 Hoepker Pass,Lincoln,NE,68505
03 5th Terrace,Boston,MA,02163
864 Badeau Plaza,Flint,MI,48555
4 Clemons Street,Columbia,SC,29215
09100 Warner Alley,Grand Junction,CO,81505
28 Lakewood Gardens Street,Oklahoma City,OK,73142
92 Maywood Crossing,Virginia Beach,VA,23471
04 Spaight Lane,Saint Louis,MO,63167
210 Meadow Vale Circle,Cincinnati,OH,45249
29919 Butternut Center,Port Charlotte,FL,33954
9972 Lotheville Terrace,Huntsville,AL,35895
75 Kenwood Avenue,Arlington,VA,22217
3 Old Gate Crossing,Wichita Falls,TX,76305
2 Iowa Circle,Birmingham,AL,35220
2 Basil Park,Hyattsville,MD,20784
2 Comanche Hill,Cape Coral,FL,33915
016 7th Alley,Baton Rouge,LA,70820
64 Springview Drive,Columbus,OH,43220
3 Grim Trail,Chicago,IL,60686
3302 Hoard Circle,Milwaukee,WI,53205
30 Northland Hill,Cleveland,OH,44105
4136 Sloan Point,Sacramento,CA,94286
12 Beilfuss Plaza,Charlotte,NC,28263
6 David Junction,New York City,NY,10155
37 Blaine Terrace,Richmond,VA,23293
7295 Marquette Circle,Kent,WA,98042
273 Del Mar Place,Elizabeth,NJ,07208
229 Quincy Pass,Tampa,FL,33673
15 Mcguire Court,Los Angeles,CA,90065
95 Nelson Way,Boston,MA,02283
292 Fallview Crossing,New York City,NY,10014
3 Stephen Avenue,Vero Beach,FL,32969
6937 American Ash Avenue,Orlando,FL,32819
59921 Redwing Road,New York City,NY,10155
2 Brown Avenue,Rochester,NY,14624
4147 Summer Ridge Terrace,Lexington,KY,40510
026 Columbus Center,Miami Beach,FL,33141
11646 Mayfield Center,New Orleans,LA,70149
391 Nova Parkway,Oklahoma City,OK,73104
2238 6th Road,Newark,NJ,07112
77295 Lotheville Road,Chico,CA,95973
043 Knutson Alley,Springfield,IL,62705
4402 Ridgeview Crossing,Rockford,IL,61110
01536 Beilfuss Terrace,Bakersfield,CA,93386
431 Forster Place,Montpelier,VT,05609
0 Sunfield Crossing,San Francisco,CA,94169
103 Crescent Oaks Drive,Amarillo,TX,79105
734 Messerschmidt Crossing,Cumming,GA,30130
88125 Kensington Center,Boston,MA,02124
4865 Myrtle Avenue,Dallas,TX,75353
3 Coleman Street,Gainesville,GA,30506
0028 Twin Pines Drive,Trenton,NJ,08619
30 Dapin Place,Huntington,WV,25709
35 Melrose Court,Omaha,NE,68144
08157 Farmco Avenue,Columbia,MO,65211
76037 Charing Cross Junction,Suffolk,VA,23436
789 Elmside Crossing,Honolulu,HI,96805
5 Montana Circle,Pasadena,CA,91109
02 Hoffman Alley,Savannah,GA,31422
537 Ramsey Court,Hartford,CT,06183
765 Sycamore Park,Worcester,MA,01605
8450 Thackeray Parkway,Fort Wayne,IN,46852
22 Meadow Valley Street,Boise,ID,83716
777 Logan Point,Temple,TX,76505
65218 Morningstar Way,Charlottesville,VA,22908
3 Grim Street,Lynchburg,VA,24515
49915 6th Center,Fairfax,VA,22036
74 Lighthouse Bay Pass,Round Rock,TX,78682
2 Sutherland Center,Sioux Falls,SD,57198
9 John Wall Street,Schenectady,NY,12325
548 Goodland Crossing,Greeley,CO,80638
139 Mayfield Junction,Cincinnati,OH,45271
5626 Bashford Avenue,Anchorage,AK,99517
206 Bartillon Court,Herndon,VA,22070
0726 Stone Corner Junction,Ogden,UT,84403
0337 Hazelcrest Circle,Corpus Christi,TX,78415
552 Bonner Circle,Danbury,CT,06816
363 Hayes Circle,Louisville,KY,40250
77 Roth Avenue,Tacoma,WA,98442
60426 Red Cloud Parkway,Chicago,IL,60663
3930 Columbus Plaza,Daytona Beach,FL,32118
38 Corscot Center,Augusta,GA,30919
25 Briar Crest Street,Billings,MT,59112
92 Sachtjen Court,Charlotte,NC,28289
53 Fairfield Drive,Arvada,CO,80005
6882 Corry Point,Albany,NY,12247
5565 Pepper Wood Court,Portland,OR,97216
5 Lakewood Gardens Alley,El Paso,TX,79911
273 Bluestem Point,Bronx,NY,10474
5 Dayton Park,Madison,WI,53705
55505 Twin Pines Point,Orange,CA,92862
1579 Florence Circle,New Orleans,LA,70154
620 Springs Park,Portsmouth,NH,00214
7 Paget Junction,North Little Rock,AR,72199
4 Spenser Court,South Bend,IN,46699
5349 Sherman Alley,Alexandria,LA,71307
4 Namekagon Hill,Columbus,OH,43284
809 Kropf Parkway,New York City,NY,10275
2 Kennedy Junction,Topeka,KS,66617
46 Kingsford Drive,Tampa,FL,33694
78 Union Junction,Missoula,MT,59806
81266 Muir Terrace,Charlottesville,VA,22908
1085 Thierer Avenue,Atlanta,GA,30375
9 Ridgeview Park,New York City,NY,10039
206 Carey Trail,Tucson,AZ,85737
01170 American Avenue,San Jose,CA,95113
133 3rd Court,San Francisco,CA,94164
08 Magdeline Pass,Des Moines,IA,50981
81 Gale Avenue,Chicago,IL,60697
8984 Reinke Pass,Kansas City,MO,64114
7 Emmet Court,Vancouver,WA,98664
7158 Village Green Point,Boise,ID,83727
30 Scott Pass,Indianapolis,IN,46266
3 Nobel Center,Philadelphia,PA,19160
1 Esch Road,Cincinnati,OH,45233
34202 Manufacturers Park,San Jose,CA,95128
3352 Park Meadow Terrace,New Orleans,LA,70165
8 Express Terrace,San Francisco,CA,94105
760 Golf Street,Indianapolis,IN,46295
18 Corscot Hill,Milwaukee,WI,53285
80 Eastlawn Parkway,Winston Salem,NC,27110
85 Lien Parkway,Charlotte,NC,28272
196 Pearson Pass,Baltimore,MD,21229
667 Mayfield Crossing,Waco,TX,76711
3 Homewood Street,Philadelphia,PA,19184
60158 Eliot Road,San Jose,CA,95128
34 Talisman Junction,San Jose,CA,95128
93 Oxford Terrace,Pittsburgh,PA,15235
6459 Kenwood Center,Stockton,CA,95205
73101 Saint Paul Junction,Omaha,NE,68179
54 Talmadge Circle,Saginaw,MI,48609
43099 Thompson Alley,Orlando,FL,32859
2 Toban Way,El Paso,TX,79928
01 Mayfield Hill,Tampa,FL,33661
26 Old Shore Center,Dallas,TX,75210
6 Vidon Lane,Spokane,WA,99220
0285 Golden Leaf Crossing,Hartford,CT,06120
4128 Knutson Avenue,Schenectady,NY,12325
69157 Texas Junction,New York City,NY,10009
53689 Fuller Crossing,Arlington,VA,22225
68 Orin Parkway,Anchorage,AK,99512
76217 Forest Run Road,Charleston,WV,25336
6 Truax Parkway,Alhambra,CA,91841
7 Coleman Hill,Little Rock,AR,72222
8 Springview Center,Chula Vista,CA,91913
0 Mayfield Drive,Springfield,IL,62718
029 Beilfuss Terrace,Flint,MI,48550
19 Old Gate Alley,El Paso,TX,88530
689 Jana Way,Battle Creek,MI,49018
30 Messerschmidt Crossing,Montgomery,AL,36114
00 Moland Street,Chicago,IL,60686
5633 Arkansas Park,Little Rock,AR,72231
9 Cascade Avenue,Duluth,GA,30195
5166 Havey Plaza,Mount Vernon,NY,10557
1 Bashford Crossing,New Haven,CT,06505
022 Fairfield Avenue,Colorado Springs,CO,80920
5 Forest Run Alley,San Antonio,TX,78215
31850 Calypso Court,Houston,TX,77245
290 Colorado Road,Los Angeles,CA,90020
10300 Almo Pass,Buffalo,NY,14220
6 Cardinal Junction,Monticello,MN,55565
00 Arapahoe Alley,Washington,DC,20057
22382 Stuart Parkway,San Francisco,CA,94132
75 Swallow Alley,El Paso,TX,79989
43132 Mcbride Plaza,Shawnee Mission,KS,66210
6 Macpherson Drive,Mobile,AL,36605
0 Crescent Oaks Road,Bethlehem,PA,18018
960 Kennedy Avenue,Santa Fe,NM,87505
38 Fordem Park,Peoria,IL,61614
47 Florence Terrace,Corpus Christi,TX,78410
0523 Hagan Avenue,Cleveland,OH,44191
40290 Vermont Crossing,North Hollywood,CA,91606
5 Ludington Lane,Cincinnati,OH,45271
67 Loftsgordon Junction,Houston,TX,77271
0 Bonner Crossing,South Bend,IN,46634
9 Sage Avenue,Hartford,CT,06140
84 Beilfuss Center,Albuquerque,NM,87115
62 Grasskamp Lane,Los Angeles,CA,90094
3 Declaration Junction,Fort Wayne,IN,46852
95 Sachtjen Drive,Sacramento,CA,94280
80 Basil Circle,Fort Worth,TX,76198
5 6th Alley,Arlington,TX,76096
22388 Springs Plaza,Young America,MN,55564
970 Elmside Street,Gulfport,MS,39505
41 Carpenter Lane,Saint Petersburg,FL,33742
518 Redwing Plaza,Cleveland,OH,44177
23960 Mendota Place,Spring,TX,77388
328 Farragut Court,Salt Lake City,UT,84110
04245 Waxwing Road,Knoxville,TN,37939
3 Shopko Plaza,Irvine,CA,92717
226 Porter Road,Charlotte,NC,28278
9 Russell Alley,Saint Augustine,FL,32092
0 Graceland Lane,Winston Salem,NC,27157
24 Fulton Trail,Milwaukee,WI,53277
97 Warbler Trail,Spokane,WA,99220
14 Fulton Point,Fayetteville,NC,28314
2684 Scoville Avenue,Lexington,KY,40596
9095 Bayside Pass,Baltimore,MD,21282
87 Drewry Parkway,Providence,RI,02905
267 Gateway Crossing,Springfield,MO,65898
59285 Upham Terrace,Knoxville,TN,37919
0 Charing Cross Avenue,Des Moines,IA,50362
4 Fuller Avenue,Gainesville,FL,32627
423 Delladonna Junction,San Jose,CA,95128
023 Birchwood Circle,El Paso,TX,88553
84211 Luster Terrace,Houston,TX,77015
444 Ridgeway Place,Chicago,IL,60624
555 Monica Circle,Newark,DE,19725
37169 Miller Crossing,Kansas City,MO,64109
13144 Acker Center,Kissimmee,FL,34745
5 Messerschmidt Point,Corpus Christi,TX,78405
4786 Doe Crossing Alley,Berkeley,CA,94712
71628 Stuart Court,Idaho Falls,ID,83405
3236 Holy Cross Plaza,Washington,DC,20268
931 Cascade Place,New York City,NY,10029
065 Hayes Terrace,Houston,TX,77255
284 Lyons Drive,Chicago,IL,60609
5 Artisan Avenue,Albany,NY,12247
421 Anderson Avenue,Scottsdale,AZ,85255
75 Vera Park,Kansas City,MO,64179
7243 Weeping Birch Place,Saint Paul,MN,55166
468 Browning Junction,Newark,DE,19725
2532 Mandrake Pass,Aurora,CO,80015
3888 Magdeline Trail,Houston,TX,77245
20 Butternut Court,Corpus Christi,TX,78426
850 Briar Crest Junction,El Paso,TX,88535
7700 Anthes Center,Orange,CA,92862
4341 Hollow Ridge Crossing,Indianapolis,IN,46226
506 Di Loreto Road,Shawnee Mission,KS,66276
25 Meadow Vale Parkway,Chicago,IL,60686
064 Northland Plaza,Richmond,VA,23242
512 Hoffman Terrace,Glendale,CA,91210
6431 Quincy Center,Birmingham,AL,35244
84 Waxwing Park,Washington,DC,20299
4135 Shoshone Terrace,Roanoke,VA,24020
16378 Melby Pass,Salt Lake City,UT,84145
71 Lakewood Gardens Place,Washington,DC,20022
8873 Gerald Place,Pittsburgh,PA,15225
739 Merchant Road,Louisville,KY,40210
73146 Fair Oaks Road,Roanoke,VA,24034
7394 Chinook Junction,San Angelo,TX,76905
837 Hallows Street,Charlotte,NC,28225
9 Onsgard Road,Carol Stream,IL,60351
52425 Corry Point,San Diego,CA,92110
72 Ramsey Way,Youngstown,OH,44555
59976 Columbus Trail,Des Moines,IA,50936
22583 Anniversary Circle,Greensboro,NC,27499
76424 Sauthoff Street,Washington,DC,20599
825 Lake View Junction,Boca Raton,FL,33432
68758 6th Hill,Sacramento,CA,94237
9 Green Point,Miami,FL,33158
53 Graceland Junction,Fort Worth,TX,76178
950 Comanche Junction,Duluth,MN,55805
6 Mallard Junction,New Orleans,LA,70116
5712 Hollow Ridge Street,Sacramento,CA,94237
1 Brickson Park Drive,New Orleans,LA,70160
5400 Lakewood Gardens Avenue,North Hollywood,CA,91606
7490 Troy Lane,Toledo,OH,43615
48401 Shelley Circle,Seattle,WA,98133
76 Coolidge Circle,Des Moines,IA,50315
95646 Declaration Park,Young America,MN,55564
36 Truax Pass,Akron,OH,44315
70382 Golf Court,Sacramento,CA,95865
82162 Kenwood Plaza,Beaverton,OR,97075
672 Buena Vista Park,Arlington,TX,76011
50094 Manley Lane,San Diego,CA,92145
2 Schlimgen Hill,Birmingham,AL,35220
896 Clemons Road,Louisville,KY,40220
1 Melrose Junction,Houston,TX,77276
18 Tomscot Place,Birmingham,AL,35225
67 Hallows Road,Miami,FL,33245
869 Walton Point,Ridgely,MD,21684
5737 Pankratz Avenue,Houston,TX,77065
8 Oakridge Way,Orlando,FL,32808
6 Bluejay Drive,Newark,DE,19725
7897 Granby Plaza,Jacksonville,FL,32220
9905 Mandrake Road,Sacramento,CA,95813
03687 Reinke Parkway,Washington,DC,20238
68 Redwing Crossing,Boston,MA,02208
362 Fuller Place,Toledo,OH,43615
936 Golf Street,Wilmington,DE,19810
704 Bunker Hill Road,Tampa,FL,33615
613 Vermont Drive,Lake Charles,LA,70607
4502 Meadow Ridge Park,Santa Barbara,CA,93150
8143 Towne Avenue,Fort Lauderdale,FL,33315
73 Forster Crossing,Spokane,WA,99210
02802 Hanson Terrace,Newton,MA,02162
4 Quincy Pass,Washington,DC,20268
6 Sloan Plaza,Wichita,KS,67236
47988 Fieldstone Crossing,Jackson,MS,39296
2769 Welch Park,El Paso,TX,79923
938 Northridge Junction,Oakland,CA,94660
3346 American Parkway,Mobile,AL,36610
73 Lake View Park,Kalamazoo,MI,49006
9 Banding Circle,Topeka,KS,66617
9522 Fordem Plaza,Nashville,TN,37228
76033 Magdeline Parkway,Atlanta,GA,30311
82 Lukken Street,Vero Beach,FL,32969
79 Manufacturers Court,Van Nuys,CA,91406
0 Dixon Court,Buffalo,NY,14220
48810 Manitowish Court,Panama City,FL,32405
4 Pine View Hill,Mount Vernon,NY,10557
043 Sunfield Trail,Chicago,IL,60630
55920 Kennedy Center,Allentown,PA,18105
83647 Lotheville Drive,Spokane,WA,99215
71822 Scott Park,Memphis,TN,38136
074 Mariners Cove Terrace,Chicago,IL,60604
2 Paget Place,Washington,DC,20299
8700 Homewood Road,Vero Beach,FL,32969
8174 Dryden Point,Miami,FL,33245
0279 Vera Lane,Dallas,TX,75216
7937 Moose Crossing,Birmingham,AL,35285
31131 Forest Park,Atlanta,GA,31119
99054 Mendota Road,Salinas,CA,93907
51901 Clarendon Place,Norfolk,VA,23520
8189 Everett Center,Jamaica,NY,11431
1 Butternut Alley,Johnson City,TN,37605
93354 Bartillon Parkway,Carson City,NV,89714
75606 Claremont Point,Detroit,MI,48206
4795 Eagan Center,Corpus Christi,TX,78470
72 Rowland Street,Dallas,TX,75205
93660 Green Point,Bismarck,ND,58505
6403 Holy Cross Terrace,Waco,TX,76705
72 Kenwood Place,Indianapolis,IN,46239
12859 Golf Junction,Jamaica,NY,11436
09 Ohio Drive,Phoenix,AZ,85040
424 Golf Course Circle,Erie,PA,16550
749 Transport Drive,Salt Lake City,UT,84115
239 Westend Crossing,Tulsa,OK,74149
7 Hintze Road,Cambridge,MA,02142
720 Arkansas Circle,Erie,PA,16550
0189 Golf View Junction,Frederick,MD,21705
18572 Bunting Park,Las Vegas,NV,89155
76301 Longview Plaza,Fort Worth,TX,76129
23376 Hauk Pass,Tampa,FL,33605
4 Myrtle Street,Springfield,IL,62794
03106 Daystar Junction,Boulder,CO,80328
46 Charing Cross Center,Shawnee Mission,KS,66276
0714 Fallview Center,Charlotte,NC,28242
11 Kenwood Crossing,Dallas,TX,75287
58 Corben Street,Chicago,IL,60669
908 Iowa Parkway,Myrtle Beach,SC,29579
0 Heath Avenue,Knoxville,TN,37995
7773 Red Cloud Terrace,Lubbock,TX,79452
5423 Anhalt Terrace,Carol Stream,IL,60351
1 Ridge Oak Plaza,Chicago,IL,60624
84 Miller Point,Jacksonville,FL,32236
14 Pankratz Avenue,New York City,NY,10024
663 Arrowood Plaza,Richmond,VA,23220
0199 Towne Way,Missoula,MT,59806
08 Tomscot Street,Peoria,IL,61656
4 Lotheville Place,Jacksonville,FL,32255
8400 Spenser Alley,Milwaukee,WI,53215
7987 7th Plaza,Washington,DC,20260
7334 Bartelt Crossing,Monroe,LA,71213
001 Shopko Junction,Petaluma,CA,94975
568 Marquette Avenue,Gulfport,MS,39505
67065 Veith Parkway,Davenport,IA,52809
3 Talisman Junction,Columbus,MS,39705
20436 Utah Point,Dayton,OH,45454
09288 Linden Park,Albuquerque,NM,87195
02 Ramsey Court,Boston,MA,02119
1579 Garrison Park,Topeka,KS,66629
7 Anderson Court,Herndon,VA,22070
1491 Randy Terrace,Roanoke,VA,24009
32 Fallview Drive,Washington,DC,20260
7 Bonner Court,Pomona,CA,91797
30494 Carioca Avenue,Fort Worth,TX,76134
55 Valley Edge Hill,Denver,CO,80217
0413 Glacier Hill Terrace,Omaha,NE,68164
0 Fieldstone Drive,Charlottesville,VA,22908
3 Ramsey Hill,Gadsden,AL,35905
94247 Brickson Park Junction,Portland,OR,97232
98493 Fair Oaks Place,Juneau,AK,99812
169 Express Court,Nashville,TN,37210
60 Rusk Center,Greeley,CO,80638
03426 Main Alley,Birmingham,AL,35225
71022 Myrtle Place,Pittsburgh,PA,15266
234 Harper Circle,Bridgeport,CT,06673
2 Stoughton Circle,Huntington,WV,25721
768 West Court,Zephyrhills,FL,33543
7 Cordelia Drive,Columbus,OH,43215
931 Moland Pass,Alhambra,CA,91841
4 Nova Court,Monticello,MN,55590
40 Everett Crossing,Houston,TX,77212
806 Oakridge Park,Cincinnati,OH,45271
66986 Lukken Lane,Akron,OH,44321
59326 Summerview Avenue,North Las Vegas,NV,89087
93 Lien Lane,Lynchburg,VA,24515
32 Petterle Junction,Fort Collins,CO,80525
02936 Morning Way,Vienna,VA,22184
62581 Homewood Place,Washington,DC,20503
280 Toban Way,Cincinnati,OH,45228
48419 Southridge Court,Fort Wayne,IN,46814
2225 Hanover Park,Roanoke,VA,24020
281 Oak Terrace,Denver,CO,80217
82 Utah Road,Fort Lauderdale,FL,33345
016 1st Alley,Hartford,CT,06152
068 Hoard Hill,Minneapolis,MN,55487
60513 Amoth Trail,Jackson,MS,39210
8 Mesta Hill,Tulsa,OK,74184
75676 Northfield Plaza,Austin,TX,78715
97 Delaware Crossing,Fort Lauderdale,FL,33310
9844 Shopko Center,New York City,NY,10280
74509 Bartillon Terrace,Amarillo,TX,79116
8 Bayside Pass,Washington,DC,20268
80630 Trailsway Avenue,Santa Ana,CA,92725
77922 Manitowish Terrace,Meridian,MS,39305
5121 Ryan Street,Lansing,MI,48912
0062 Carpenter Lane,Fairfield,CT,06825
9842 Morrow Avenue,Saint Louis,MO,63196
917 Loftsgordon Terrace,Duluth,GA,30096
53 Monument Circle,New York City,NY,10203
585 Forest Circle,Washington,DC,20575
00 Delaware Street,Cheyenne,WY,82007
48115 Homewood Plaza,Springfield,IL,62776
9 Anderson Court,Dallas,TX,75251
67472 Hooker Junction,Cincinnati,OH,45218
9 Dapin Way,Aiken,SC,29805
8591 Manitowish Court,San Francisco,CA,94177
4 Cordelia Street,Lexington,KY,40586
3000 Golf Course Place,Richmond,VA,23208
15545 Kensington Place,Laredo,TX,78044
6 Bayside Crossing,Cincinnati,OH,45254
4 Village Place,Erie,PA,16522
