Joan,Dean
Arthur,Welch
Cynthia,King
Gregory,Wood
Lillian,Clark
Albert,Gutierrez
Tammy,Moore
Willie,King
Arthur,Riley
Sara,Ferguson
Roy,Kim
Andrew,Sanders
Gerald,Snyder
Patricia,Gordon
Bruce,Palmer
Karen,Martinez
Wayne,Ford
Ryan,Johnston
Gregory,Welch
Phillip,Lawrence
Janice,Garrett
Teresa,Black
Aaron,Torres
Heather,Jacobs
Donna,Day
Robin,Harrison
Larry,Weaver
Shawn,Williamson
Barbara,Freeman
Aaron,Allen
Roy,Mitchell
Nicole,Richardson
Stephanie,Richards
Helen,Woods
Earl,Gardner
Harold,Watkins
Johnny,Montgomery
Nancy,Bennett
Carlos,Rogers
Billy,Hayes
Kathy,Mendoza
Tammy,Hughes
Charles,Burke
Sarah,Mitchell
Theresa,Rose
Norma,Clark
Patricia,Alexander
James,Russell
John,Lane
Mark,Walker
Christina,Allen
Larry,Graham
Laura,Gonzales
Ernest,Graham
Paul,Ruiz
Sean,Ferguson
Ernest,Henry
Richard,Williamson
Louis,Day
Albert,Ferguson
Craig,Alvarez
Lawrence,Harrison
Elizabeth,Ray
Jacqueline,Jacobs
Jennifer,Reed
Norma,White
Thomas,Allen
Shawn,Moore
Joe,Edwards
Chris,Taylor
Billy,Fowler
Kathleen,Medina
Antonio,Richards
Janice,Long
Daniel,Cooper
Cynthia,Scott
Jeremy,Ferguson
Wanda,Russell
Bobby,Rivera
Sara,Olson
James,Price
Cynthia,Matthews
Angela,Hall
Nicole,Kelley
Sandra,Webb
Harold,Baker
Earl,Murray
Bonnie,Harrison
Matthew,Gomez
Earl,Bell
Patricia,Nguyen
Russell,Collins
Bonnie,Richardson
Debra,Nelson
Lori,Meyer
Beverly,Bryant
Julie,Reed
Howard,Burton
Annie,Murphy
Wayne,Tucker
Betty,Robinson
Joan,Gray
William,Jones
Norma,Gray
Jacqueline,Wilson
Susan,Boyd
Christopher,Reyes
Kelly,Cunningham
Frances,Cooper
Cynthia,Oliver
Karen,Warren
Heather,White
Jesse,Harris
Marie,Mccoy
Heather,Moore
Paula,Allen
David,Coleman
Douglas,Richards
Martha,Powell
Jeremy,Peters
William,Ward
Doris,Hall
Brian,Brooks
Adam,Peterson
Christine,Gordon
James,Fernandez
Peter,Medina
Debra,West
Kathleen,Mccoy
James,Ryan
Catherine,Chapman
Carlos,Chavez
Christopher,Mcdonald
Jeffrey,West
Roy,Howell
Frank,Reynolds
Paula,Lawrence
Gregory,Payne
Timothy,Gomez
Carolyn,Lawson
Jose,Nelson
Jean,Hunt
Arthur,Gardner
Gary,Lawrence
Douglas,Nelson
Timothy,George
Amy,Reed
Russell,Matthews
Judy,Burke
Joseph,Cox
Andrea,Diaz
James,Gutierrez
Emily,Tucker
Deborah,Gonzales
Philip,Dunn
Sharon,Alvarez
Ralph,Stewart
Theresa,Burton
Harry,James
Jean,George
Stephanie,Weaver
Jimmy,Harper
Clarence,Hunter
Michelle,Reyes
Anthony,Long
Stephen,Williamson
Samuel,Perez
Evelyn,Fuller
Adam,Day
Mark,Harvey
Wanda,Wagner
Lori,Peters
Edward,Harris
Aaron,Kennedy
Robin,Perkins
Keith,Long
Heather,Patterson
Wayne,James
Carlos,Carter
Laura,Wood
Louis,Hart
Sandra,Russell
Irene,Brown
Christopher,Rose
Brandon,Simmons
Fred,Walker
Thomas,Chapman
Mildred,Campbell
Norma,Ward
Harold,Russell
Jessica,Wells
Thomas,Larson
Marilyn,Weaver
Rebecca,Woods
Justin,Mcdonald
Barbara,Henderson
Ashley,Jacobs
Sandra,Mcdonald
Christina,Romero
Virginia,Harvey
Irene,Meyer
Sara,Green
Betty,Wheeler
Martha,Martin
Daniel,Watson
Eric,Fuller
Jimmy,Wood
Marilyn,Cook
Jason,Schmidt
Jane,Murphy
Stephen,Jenkins
Michelle,Simpson
Barbara,Wallace
Russell,Thompson
Tina,Harris
Douglas,Chapman
Brian,Arnold
Steven,Price
Lori,Hayes
Tina,Harris
Kelly,Murphy
Henry,Rogers
Karen,Elliott
Jeremy,Smith
Sean,Garcia
Phillip,Simpson
Richard,Rose
Kelly,Montgomery
Barbara,Morgan
Kenneth,Cox
Debra,Allen
Kevin,Gordon
Harry,Elliott
Barbara,Allen
Martin,Martinez
Joan,James
Judy,Hayes
Steve,Alexander
Dorothy,Gardner
Paula,Martinez
Debra,Hart
Robin,Torres
Jennifer,Hansen
Tammy,Peters
Kelly,Woods
Lois,Johnston
Jack,Matthews
Laura,Taylor
Kathryn,Mitchell
Joan,Miller
Laura,Robinson
Eric,Robinson
Brenda,Martinez
Ralph,Fowler
Betty,Mitchell
Douglas,Fisher
Debra,Daniels
Katherine,Long
Judith,Rodriguez
Justin,Green
Bobby,Mccoy
Christine,Little
Emily,Tucker
Albert,Chavez
Kimberly,Miller
Carlos,Lopez
Gloria,Dunn
Bonnie,Hawkins
Linda,Fisher
Victor,Chapman
Kimberly,Wheeler
Judy,Burke
Patricia,Hughes
Kevin,Bell
Virginia,Patterson
Teresa,Bailey
Terry,Marshall
Walter,Reid
Joshua,Anderson
Norma,Mills
Clarence,Mendoza
Gerald,Washington
Gloria,West
Ashley,Reynolds
Elizabeth,Gonzalez
George,Fowler
Jessica,Banks
Helen,Torres
Victor,Oliver
Janice,Webb
Emily,Berry
Denise,Owens
Joshua,Wallace
Andrea,Jordan
Russell,Harper
Dennis,James
Aaron,Carter
Ralph,Cunningham
Bonnie,Dunn
Randy,Mendoza
Jason,Larson
Sara,Wells
Katherine,Cole
Donald,Weaver
Ryan,Holmes
Doris,Banks
Andrea,Nguyen
Christopher,Moore
Alice,Rivera
Irene,Kelly
Debra,Gardner
Raymond,Mccoy
Kathleen,Kelly
Harold,Lawrence
Kenneth,Reyes
Ruth,Johnson
Aaron,Wagner
Andrea,Foster
Lois,Ramos
Sarah,Bailey
Donald,Johnson
Victor,Hill
Janice,Boyd
Joan,Wright
Theresa,Elliott
Mark,Riley
Irene,Hamilton
Julie,Hanson
Jennifer,Kelly
Earl,Long
Shirley,Warren
Eugene,Stone
Rose,Hunter
Billy,Anderson
Randy,Reynolds
Gary,Stanley
Joyce,Robertson
Cheryl,Ray
Debra,Cunningham
Mark,Jones
Alice,Tucker
Randy,Mills
Ruby,Bradley
Todd,Ryan
Kimberly,Walker
Theresa,Nguyen
Brenda,Spencer
Teresa,Morgan
Judith,Porter
Russell,Daniels
Carl,Lynch
Raymond,Martin
Michael,Lane
Denise,Nguyen
Norma,Dean
Paul,Stephens
Paul,Reed
Earl,Price
Jerry,Powell
Ronald,Nichols
Sara,Henry
Nancy,Ferguson
Scott,Stephens
George,Murray
Doris,Lawrence
Joshua,Moore
Anthony,Fuller
Peter,Kelley
Harry,Hernandez
Norma,Fox
Brian,Ortiz
Michael,Reynolds
Beverly,Grant
John,Stephens
Fred,Lynch
Gregory,Snyder
Ernest,Stanley
Roy,Arnold
Lisa,Harvey
Sharon,Bennett
Jane,King
Harry,Richardson
Anthony,Ray
Keith,Rice
Eric,Burke
David,Butler
Kathryn,Morris
Walter,Russell
Janet,Hunter
Joe,Campbell
Andrew,Stanley
Kathleen,Ramirez
Fred,Kelley
Jerry,Patterson
Johnny,Kelly
Wayne,Lee
Arthur,Garza
Stephen,Garcia
Earl,Gonzales
Patricia,Johnston
Heather,Lawrence
Tina,Watson
Kenneth,Hayes
Rebecca,Price
Brenda,Williams
Patrick,Carr
Kathryn,Sims
Sandra,Williamson
Nicole,Howell
Nicole,Gonzalez
Lisa,Chapman
Albert,Wheeler
Howard,Parker
Linda,Jacobs
Debra,Ward
Samuel,Gonzalez
Steve,Jordan
Samuel,Sanders
Martin,Dunn
Peter,Daniels
Irene,Martin
Lori,Wood
Edward,Dunn
Willie,Cruz
Catherine,Marshall
Theresa,Knight
Joyce,Brown
George,West
Debra,Morrison
Sharon,Gonzalez
Howard,West
Julie,Ramirez
Christina,Garrett
Gregory,Vasquez
Donna,Reid
Jose,Armstrong
Rachel,Bishop
Shirley,Griffin
Joseph,Russell
Wanda,Garza
Laura,Coleman
Matthew,Ortiz
Brandon,Torres
Jimmy,Graham
Evelyn,Bailey
Maria,Owens
Lori,Ryan
Irene,Brown
Elizabeth,Roberts
Joshua,Morgan
Kathryn,Schmidt
James,Sims
Rachel,Carr
Fred,Mitchell
Angela,Carpenter
Carlos,Day
Julia,Perkins
Robert,Dean
Julie,Cole
Brenda,Robinson
Sean,Torres
Harold,Bishop
Billy,Grant
Donna,Hamilton
Alan,Jenkins
Jimmy,Harris
Jose,Peterson
Craig,Freeman
Carol,Allen
Michael,Powell
Robert,Murray
Louis,Bryant
Emily,Henry
Christina,Dean
Gerald,Jackson
Donna,Richardson
Phyllis,Wagner
Randy,Bailey
Katherine,Griffin
Emily,Jacobs
Joshua,Evans
Rebecca,Williamson
Larry,Hudson
Bobby,Graham
Nancy,Brooks
Bobby,Howell
Shirley,Berry
Victor,Hamilton
Sarah,Ward
Diana,Mason
Eugene,Webb
Joan,Bowman
Michael,Peterson
Dorothy,Diaz
Lori,Daniels
David,Wagner
Thomas,Sanchez
Jacqueline,Carroll
Nicole,Roberts
Donald,Spencer
Doris,Myers
Nicholas,Jacobs
Susan,Gonzalez
Sara,Hughes
Barbara,Stanley
Melissa,Crawford
Alice,Coleman
Thomas,Roberts
Ruth,Lawson
Eric,Wheeler
Heather,Kim
Russell,Oliver
Deborah,Bennett
Amy,Mccoy
Ruth,Davis
Michael,Gilbert
Scott,Arnold
Wayne,Alexander
Amanda,Mccoy
Stephanie,Schmidt
Edward,Williamson
Marie,Wallace
Andrea,Mills
Lori,Dunn
Elizabeth,Hanson
Antonio,Hughes
Gloria,Knight
Evelyn,Castillo
Patricia,Myers
Bobby,Johnston
Joshua,Brown
Christine,Montgomery
Phyllis,Wagner
Christina,Dixon
Lois,Hunt
Craig,Cruz
Benjamin,Lawrence
Donald,Bell
Amy,Rodriguez
Albert,Mccoy
Joe,Mccoy
Betty,Cruz
Mildred,Palmer
Peter,Perkins
Joan,Burton
Earl,Duncan
Tina,Owens
Theresa,Marshall
Philip,Stone
Joan,Garcia
Ruth,Carter
Victor,Freeman
Ronald,Washington
Craig,Hernandez
Raymond,Richards
Denise,Sullivan
Christina,Wheeler
Christina,Gilbert
Clarence,Ruiz
Donna,Mendoza
George,Pierce
Cheryl,Russell
William,Austin
Angela,Martin
Craig,Lane
Norma,Alvarez
Ruth,Wilson
Gary,Bradley
Ann,Larson
Kathleen,Washington
Earl,Hughes
Carlos,Gordon
Alice,Harrison
Gary,Ward
Jacqueline,Marshall
Patricia,Gonzalez
Raymond,Nguyen
Rachel,Carpenter
Samuel,Hunter
Stephanie,Elliott
Deborah,Gibson
Gerald,West
Karen,Morales
Jeremy,Cruz
Lori,Peterson
Janet,Jenkins
Kenneth,Butler
Eric,Brown
Thomas,Howard
Martin,Rodriguez
Rachel,Collins
Matthew,Bishop
Anthony,Hart
Gregory,Day
Fred,Parker
Sara,Hall
Craig,Kelley
Kathleen,Woods
Bonnie,Hill
Ruby,Clark
Joan,Richards
Kenneth,Lawson
Kevin,Perry
Kathy,Cole
Heather,Stevens
Irene,Campbell
Dorothy,Hicks
Carlos,Roberts
Anthony,Gardner
Ronald,Lane
Anne,Adams
Angela,Stewart
Carlos,Freeman
Gerald,Owens
Daniel,Mcdonald
Amanda,Hudson
Kelly,Moore
Janice,Watson
Shirley,Gray
Linda,Matthews
Alan,Lawson
Daniel,Elliott
Louise,Dunn
Willie,Hudson
Ruth,Bryant
Kathleen,Cook
Louise,Mccoy
Kathy,Coleman
Joe,Williams
Lois,Arnold
Ryan,Robinson
Marie,Romero
Sarah,Rogers
Deborah,Murray
Mark,Mills
Jane,Henderson
Jose,Graham
Shawn,Watson
Scott,Hunt
Howard,Knight
David,Wagner
Betty,Watkins
Evelyn,Russell
Mary,Larson
Elizabeth,Olson
Kathryn,Evans
Jerry,Mitchell
Nicholas,Bowman
Andrea,Hart
Anna,Burton
Daniel,Frazier
Peter,Rivera
Brian,Robertson
Nicole,Evans
Joe,Austin
Kelly,Ramirez
Sean,Stone
Kevin,Reyes
Frank,Gonzales
Christina,Martinez
Edward,Williams
Keith,Rice
Stephanie,Bradley
Frances,Jackson
Willie,Morris
Deborah,West
Louis,Butler
Carol,Freeman
Ann,Mason
Philip,Hall
Stephen,Moreno
Judy,Castillo
Emily,Ryan
Angela,Black
Jane,West
Diana,Green
Karen,Hernandez
Justin,Gordon
Jeffrey,Palmer
Samuel,Williams
Gloria,Armstrong
Julia,Ellis
Carol,Daniels
Doris,Palmer
Lillian,Oliver
Richard,Ramos
Janice,Clark
Jessica,Elliott
Juan,Washington
Sean,Williams
Elizabeth,Reyes
Gregory,Jones
Phyllis,Foster
Linda,Castillo
Andrea,King
Earl,Harper
Johnny,Ramos
Lisa,Rodriguez
Stephen,Reed
Angela,Campbell
Dorothy,Warren
Anna,Jordan
Nicholas,Montgomery
Bonnie,Moreno
Michael,Simmons
Lillian,Webb
Steven,Sanchez
Pamela,Roberts
Joshua,Patterson
Karen,Gomez
Louis,Scott
Carl,Marshall
Melissa,Mitchell
Philip,Cook
Eric,Burton
Benjamin,Gray
Carlos,Russell
Teresa,Graham
John,Webb
Louis,Hernandez
Wanda,Watkins
Michelle,Hanson
Rose,Fowler
Donna,Hamilton
Lori,Hamilton
Jack,Gray
Philip,Carter
Kelly,Willis
Juan,Franklin
Judith,Johnston
Jesse,Kelly
Chris,Welch
Billy,Cunningham
Wayne,White
Denise,Walker
Katherine,Hunt
Ruby,Dean
Terry,Fox
Scott,Daniels
Juan,Jones
Marilyn,Matthews
Earl,Andrews
Deborah,Henry
Alan,Ellis
Raymond,Garcia
Henry,Morris
Antonio,Henry
Norma,Richards
Joe,Henderson
Rebecca,Burns
Diana,Taylor
Janet,Stanley
Shawn,Long
Nancy,Ford
Bobby,Fowler
Timothy,Gibson
Chris,Schmidt
Nicholas,Mccoy
Sara,Gordon
Cheryl,Greene
Laura,Bailey
Linda,Perry
Benjamin,Williams
Andrea,Daniels
Chris,Lopez
Kimberly,Butler
Jerry,Reynolds
Gerald,Webb
Russell,Moore
Joyce,Smith
Evelyn,Hall
William,Hanson
Robin,Chavez
Timothy,Bryant
Anne,Butler
Sara,Frazier
Phillip,Allen
Irene,Hunter
Kathy,Matthews
George,Morrison
Gloria,Nichols
Elizabeth,Porter
Fred,Gilbert
Clarence,Grant
Walter,Stewart
Helen,Hall
Wanda,Jackson
Heather,Wheeler
Eric,Bryant
Sean,Freeman
Keith,Crawford
Teresa,Ryan
Dennis,Henry
Eric,Griffin
Ruth,Diaz
Brandon,Alvarez
Joe,Crawford
George,Cruz
Howard,Harrison
Lisa,Brown
Keith,Bradley
Terry,Grant
Kathryn,Hughes
Ann,Jones
Robert,Patterson
Debra,Butler
Randy,Wagner
Peter,Washington
Kimberly,Gutierrez
Christopher,Lawrence
Carl,Jordan
Heather,Simmons
Fred,Ruiz
Eric,Cook
Linda,Arnold
Brandon,Gray
Judy,Rivera
Ashley,Rice
Christine,Fox
Margaret,Baker
Diana,Richards
Jerry,Frazier
Robin,Simmons
Ryan,Medina
Dorothy,Collins
Katherine,Hernandez
Stephanie,Banks
Sharon,Powell
Stephen,Matthews
Frances,Russell
Jessica,Nelson
Kevin,Morrison
Judith,Howell
Kathy,Ray
Edward,Holmes
Roger,Stanley
Jesse,Reyes
Gregory,West
Pamela,Ramirez
Mary,Hayes
Gregory,Weaver
Jason,Day
Sharon,Ferguson
Rachel,Sanders
Linda,Cox
Brandon,Carpenter
Jane,Lawson
Bobby,Lewis
Maria,Murray
Matthew,Mills
Ruth,Russell
Patricia,Harris
Louis,Burton
Adam,Brooks
Jimmy,Hernandez
Anne,Harris
Kathy,Cruz
Diana,Simpson
Jose,Hudson
Richard,Scott
Mildred,Owens
Helen,Greene
Wanda,White
Ashley,Mendoza
Johnny,Scott
Anne,Webb
Deborah,Wallace
Thomas,Long
Peter,Gibson
Rebecca,Alvarez
Sarah,Roberts
Roy,Gilbert
Albert,Gomez
Jesse,Banks
Gerald,Reynolds
Marie,Wilson
Irene,Banks
Karen,Long
Billy,Stephens
David,Hamilton
Paula,Jordan
Ann,Simpson
Fred,Baker
Arthur,Welch
Shawn,Payne
Helen,Greene
Julie,Mcdonald
Jason,Lane
Michael,Shaw
Clarence,Murray
Diane,Arnold
Lois,Reyes
Carl,Washington
Donna,Peters
Philip,Ruiz
Donald,Wheeler
Katherine,Diaz
Ruth,Lopez
Patricia,Martinez
Lois,Perry
Antonio,Torres
Eric,Wood
Alice,Hicks
Laura,Wheeler
Irene,Harvey
Gary,Owens
Norma,Lee
Susan,Bowman
Brandon,Cox
Patricia,Green
Amanda,Berry
Kelly,Hawkins
Evelyn,Jacobs
Judith,Morrison
Kevin,Gibson
Paul,Tucker
Robert,Allen
Craig,Long
David,Robertson
Anne,Duncan
Henry,Cruz
Willie,Ward
Steven,White
Joe,Morgan
Chris,Crawford
Juan,Arnold
Donna,Gonzalez
Lois,George
Lawrence,West
Virginia,Morales
Julia,Gomez
Carolyn,Webb
Katherine,Armstrong
Bruce,Duncan
Debra,Warren
Howard,Berry
Walter,Johnson
Harold,Mcdonald
Donna,Jenkins
Jeremy,Larson
Mildred,Hanson
Clarence,Riley
Christine,Simpson
Virginia,Murray
Jean,Warren
Norma,Porter
Jerry,Medina
Annie,Knight
Gregory,Banks
Jonathan,Burke
Daniel,Sims
Eric,Taylor
Melissa,Duncan
Willie,Edwards
Steve,Gray
Eric,Patterson
Jessica,Day
Lillian,Ross
Rose,George
Keith,Clark
Antonio,Wright
Ruby,Woods
Andrew,Ross
Alan,Wheeler
Adam,Franklin
Diana,Evans
Tammy,Watson
Fred,Frazier
Judith,Shaw
Joshua,Henderson
Angela,Nelson
Henry,Harper
Brian,Ramirez
Christina,Payne
Shawn,Martinez
Virginia,Stewart
Jeffrey,Barnes
Randy,Nichols
Thomas,Howell
Debra,Berry
Sandra,Watkins
Carolyn,Turner
Linda,Gibson
Carlos,Schmidt
Scott,Fowler
Jose,Hawkins
Frank,Mason
Justin,Scott
Victor,Dunn
Joseph,Ruiz
Henry,Phillips
Judy,Diaz
Pamela,Freeman
Philip,Roberts
Wanda,Day
Lisa,Barnes
Paul,Armstrong
Bruce,Cox
Roger,Davis
Andrew,Hanson
